{
  "H": [
    [
      0.9758610129356384,
      0.07743138819932938,
      2163.5654296875
    ],
    [
      -0.017307601869106293,
      1.0108039379119873,
      -14.662450790405273
    ],
    [
      0.0,
      0.0,
      1.0
    ]
  ],
  "offset": [
    0,
    59
  ],
  "pano_size": [
    4774,
    1500
  ],
  "used_affine": true,
  "cylindrical": true,
  "downscale": 0.5
}