{
  "H": [
    [
      0.9838641881942749,
      0.20058871805667877,
      -2339.28173828125
    ],
    [
      -0.13964839279651642,
      0.9637607932090759,
      360.89239501953125
    ],
    [
      0.0,
      0.0,
      1.0
    ]
  ],
  "offset": [
    2340,
    0
  ],
  "pano_size": [
    4900,
    1749
  ],
  "used_affine": true,
  "cylindrical": true,
  "downscale": 0.5
}