{
  "H": [
    [
      1.07353675365448,
      -0.0196961909532547,
      2148.485595703125
    ],
    [
      -0.13781611621379852,
      0.9944820404052734,
      40.19708251953125
    ],
    [
      0.0,
      0.0,
      1.0
    ]
  ],
  "offset": [
    0,
    313
  ],
  "pano_size": [
    4897,
    1786
  ],
  "used_affine": true,
  "cylindrical": true,
  "downscale": 0.5
}